Ordinance,Permit Number,Address,City,State,Unit,Unit Type,Vacation Rental or Homestay,Type of Registration,Number of Bedrooms,Maximum Number of Guests,Permit Issue Date,Registration Renewal Date,Civic League,Ward,Superward,Latitude,Longitude,Norfolk AIR Link,Location Point
,ZP24-00821,8308 CAPEVIEW AVENUE,Norfolk,Virginia,,single-family,Vacation Rental,administrative,3,6,09/23/2024,09/23/2026,South Bayview,5,6,36.92505019,-76.233382,https://air.norfolk.gov/#/property/05003300,POINT (-76.233382 36.92505019)
,ZP25-01273,1553 LEA VIEW AVENUE,Norfolk,Virginia,,Single-family,Vacation Rental,administrative,3,6,05/16/2025,05/16/2027,Willoughby,1,6,36.96812277,-76.29606236,https://air.norfolk.gov/#/property/16122300,POINT (-76.29606236 36.96812277)
49853.0,ZP25-00604,9613 9TH BAY STREET,Norfolk,Virginia,,single-family,Vacation Rental,CUP,4,8,02/11/2025,02/11/2027,East Ocean View,5,6,36.93231907,-76.20733419,https://air.norfolk.gov/#/property/82287601,POINT (-76.20733419 36.93231907)
,ZP23-00948,3538 KEVIN DRIVE,Norfolk,Virginia,,single-family,Vacation Rental,administrative,3,6,10/11/2023,10/11/2025,Azalea Acres and Azalea Lakes,4,7,36.89187607,-76.21965845,https://air.norfolk.gov/#/property/41552700,POINT (-76.21965845 36.89187607)
,ZP24-01014,765 W OCEAN VIEW AVENUE,Norfolk,Virginia,,Single-family,Vacation Rental,administrative,2,4,11/15/2024,11/15/2026,Willoughby,1,6,36.96459375,-76.27112493,https://air.norfolk.gov/#/property/09081760,POINT (-76.27112493 36.96459375)
49562.0,ZP24-00451,902 W OCEAN VIEW AVENUE,Norfolk,Virginia,B,triplex,Vacation Rental,CUP,2,4,04/23/2024,04/23/2034,Willoughby,1,6,36.9668728,-76.27503916,https://air.norfolk.gov/#/property/36308750,POINT (-76.27503916 36.9668728)
49390.0,ZP24-00068,2032 E OCEAN VIEW AVENUE,Norfolk,Virginia,Unit 3,triplex,Vacation Rental,CUP,3,6,10/24/2023,10/24/2025,Cottage Line,5,6,36.93701008,-76.21741564,https://air.norfolk.gov/#/property/45893554,POINT (-76.21741564 36.93701008)
,ZP25-00705,9617 14TH BAY STREET,Norfolk,Virginia,,single-family,Vacation Rental,administrative,3,6,03/31/2025,03/31/2027,East Ocean View,5,6,36.93096188,-76.20171529,https://air.norfolk.gov/#/property/29881901,POINT (-76.20171529 36.93096188)
,ZP23-01086,512 DIXIE DRIVE,Norfolk,Virginia,,single-family,Vacation Rental,administrative,2,4,11/16/2023,11/16/2025,Oakdale Farms and Denby Park,1,7,36.91927634,-76.25772874,https://air.norfolk.gov/#/property/12658100,POINT (-76.25772874 36.91927634)
,ZP24-00760,1041 E BAYVIEW BOULEVARD,Norfolk,Virginia,,single-family,Vacation Rental,administrative,3,6,08/23/2024,08/23/2026,Bayview,5,6,36.93373664,-76.24235498,https://air.norfolk.gov/#/property/02754100,POINT (-76.24235498 36.93373664)
49983.0,ZP25-01424,1116 VIRGILINA AVENUE,Norfolk,Virginia,A,duplex,Vacation Rental,CUP,2,4,05/20/2025,05/20/2027,Bayview,5,6,36.94459845,-76.23991882,https://air.norfolk.gov/#/property/05015300,POINT (-76.23991882 36.94459845)
,ZP25-01518,259 PORTVIEW AVENUE,Norfolk,Virginia,,Single-family,Vacation Rental,administrative,3,6,06/12/2025,06/12/2027,Ocean View,5,6,36.95651658,-76.25655731,https://air.norfolk.gov/#/property/14912600,POINT (-76.25655731 36.95651658)
49177.0,ZP23-00513,1273 LITTLE BAY AVENUE,Norfolk,Virginia,,single-family,Vacation Rental,CUP,5,10,05/09/2023,05/09/2028,Willoughby,1,6,36.96591887,-76.28715404,https://air.norfolk.gov/#/property/24078101,POINT (-76.28715404 36.96591887)
49618.0,ZP24-00739,930 REDGATE AVENUE,Norfolk,Virginia,2,multifamily,Vacation Rental,CUP,1,2,06/11/2024,06/11/2029,West Ghent,2,6,36.86496712,-76.3029743,https://air.norfolk.gov/#/property/09891000,POINT (-76.3029743 36.86496712)
,ZP24-00498,9536 19TH BAY STREET,Norfolk,Virginia,,single-family,Vacation Rental,administrative,3,6,05/28/2024,05/28/2026,East Ocean View,5,6,36.9274028,-76.19550072,https://air.norfolk.gov/#/property/13298901,POINT (-76.19550072 36.9274028)
,ZP24-00107,1271 W OCEAN VIEW AVENUE,Norfolk,Virginia,,townhome,Vacation Rental,administrative,3,6,02/08/2024,02/08/2026,Willoughby,1,6,36.96686338,-76.287177,https://air.norfolk.gov/#/property/23279908,POINT (-76.287177 36.96686338)
,ZP24-00152,8564 LAWSON AVENUE,Norfolk,Virginia,,single-family,Vacation Rental,administrative,3,6,02/26/2024,02/26/2026,Northside,1,6,36.93221924,-76.2579404,https://air.norfolk.gov/#/property/01054900,POINT (-76.2579404 36.93221924)
,ZP24-00639,2320 DOMINION AVENUE,Norfolk,Virginia,,single-family,Vacation Rental,administrative,3,6,07/11/2024,07/11/2026,Roosevelt Area,5,6,36.91724682,-76.21771241,https://air.norfolk.gov/#/property/36753500,POINT (-76.21771241 36.91724682)
49423.0,ZP24-00049,9602 10TH BAY STREET,Norfolk,Virginia,,single-family,Vacation Rental,CUP,5,10,12/05/2023,12/05/2025,East Ocean View,5,6,36.93156317,-76.20580632,https://air.norfolk.gov/#/property/00002611,POINT (-76.20580632 36.93156317)
,ZP25-00451,2000 KERSEY AVENUE,Norfolk,Virginia,,single-family,Vacation Rental,administrative,3,6,03/10/2025,03/10/2027,Bayview,5,6,36.9357724,-76.21941191,https://air.norfolk.gov/#/property/35699000,POINT (-76.21941191 36.9357724)
,ZP25-00913,1136 TOLER PLACE,Norfolk,Virginia,,single-family,Vacation Rental,administrative,2,4,04/24/2025,04/24/2027,Willoughby,1,6,36.9678845,-76.28307264,https://air.norfolk.gov/#/property/02932500,POINT (-76.28307264 36.9678845)
49783.0,ZP24-01039,9523 17TH BAY STREET,Norfolk,Virginia,,single-family,Vacation Rental,CUP,4,8,11/12/2024,11/12/2029,East Ocean View,5,6,36.92794514,-76.19870783,https://air.norfolk.gov/#/property/22214600,POINT (-76.19870783 36.92794514)
,ZP25-01601,2500 E OCEAN VIEW AVENUE,Norfolk,Virginia,,single-family,Vacation Rental,administrative,3,6,06/24/2025,06/24/2027,East Ocean View,5,6,36.93487634,-76.21072072,https://air.norfolk.gov/#/property/15249400,POINT (-76.21072072 36.93487634)
41619.0,ZP24-00567,1540 CHELA AVENUE,Norfolk,Virginia,,multifamily,Vacation Rental,CUP,4,8,06/11/2024,06/11/2029,Willoughby,1,6,36.96786475,-76.29544892,https://air.norfolk.gov/#/property/40298416,POINT (-76.29544892 36.96786475)
,ZP23-01164,802 W OCEAN VIEW AVENUE,Norfolk,Virginia,,single-family,Vacation Rental,administrative,3,6,12/26/2023,12/26/2025,Willoughby,1,6,36.96553098,-76.2723314,https://air.norfolk.gov/#/property/27044200,POINT (-76.2723314 36.96553098)
49617.0,ZP24-00619,1105 W OCEAN VIEW AVENUE,Norfolk,Virginia,,single-family,Vacation Rental,CUP,5,10,06/11/2024,06/11/2026,Willoughby,1,6,36.96692372,-76.28179912,https://air.norfolk.gov/#/property/47888500,POINT (-76.28179912 36.96692372)
,ZP25-00003,7055 KIRBY CRESCENT,Norfolk,Virginia,,single-family,Vacation Rental,administrative,3,6,01/02/2025,01/02/2027,Suburban Acres,2,6,36.90262778,-76.26436621,https://air.norfolk.gov/#/property/34517900,POINT (-76.26436621 36.90262778)
,ZP25-01355,1522 W OCEAN VIEW AVENUE,Norfolk,Virginia,,single-family,Vacation Rental,administrative,3,6,05/23/2025,05/23/2027,Willoughby,1,6,36.96727186,-76.2946555,https://air.norfolk.gov/#/property/09349300,POINT (-76.2946555 36.96727186)
,ZP24-00738,1848 E OCEAN VIEW AVENUE,Norfolk,Virginia,,single-family,Vacation Rental,administrative,2,4,08/23/2024,08/23/2026,Cottage Line,5,6,36.93916371,-76.22320499,https://air.norfolk.gov/#/property/06602701,POINT (-76.22320499 36.93916371)
,ZP24-00929,8465 GROVE AVENUE,Norfolk,Virginia,,single-family,Vacation Rental,administrative,3,6,10/23/2024,10/23/2026,Bayview,5,6,36.93172008,-76.23022334,https://air.norfolk.gov/#/property/13515200,POINT (-76.23022334 36.93172008)
49511.0,ZP24-00291,718 W OCEAN VIEW AVENUE,Norfolk,Virginia,B,triplex,Vacation Rental,CUP,3,6,03/12/2024,03/12/2029,Willoughby,1,6,36.96463914,-76.2688863,https://air.norfolk.gov/#/property/37006205,POINT (-76.2688863 36.96463914)
48968.0,ZP23-00891,1866 E OCEAN VIEW AVENUE,Norfolk,Virginia,5,multifamily,Vacation Rental,CUP,2,4,10/25/2022,10/25/2032,Cottage Line,5,6,36.93896371,-76.22272953,https://air.norfolk.gov/#/property/08598000,POINT (-76.22272953 36.93896371)
,ZP25-00447,2215 E OCEAN VIEW AVENUE,Norfolk,Virginia,A,duplex,Vacation Rental,administrative,3,6,03/10/2025,03/10/2027,East Ocean View,5,6,36.93511656,-76.21411579,https://air.norfolk.gov/#/property/02125520,POINT (-76.21411579 36.93511656)
49785.0,ZP24-01036,1157 LITTLE BAY AVENUE,Norfolk,Virginia,A,duplex,Vacation Rental,CUP,3,6,11/12/2024,11/12/2026,Willoughby,1,6,36.96577157,-76.28410772,https://air.norfolk.gov/#/property/18977200,POINT (-76.28410772 36.96577157)
49971.0,ZP25-01359,822 E OCEAN VIEW AVENUE,Norfolk,Virginia,A,duplex,Vacation Rental,CUP,2,4,05/20/2025,05/20/2027,Cottage Line,5,6,36.94882405,-76.24196444,https://air.norfolk.gov/#/property/34547700,POINT (-76.24196444 36.94882405)
,ZP24-00759,460 W OCEAN VIEW AVENUE,Norfolk,Virginia,,single-family,Vacation Rental,administrative,3,6,08/23/2024,08/23/2026,Willoughby,1,6,36.96104255,-76.26217525,https://air.norfolk.gov/#/property/44702100,POINT (-76.26217525 36.96104255)
,ZP25-01199,9631 17TH BAY STREET,Norfolk,Virginia,"A; 2 units in a triplex, unit closer to street",triplex,Vacation Rental,administrative,2,4,05/08/2025,05/08/2027,East Ocean View,5,6,36.93061393,-76.19783148,https://air.norfolk.gov/#/property/46891401,POINT (-76.19783148 36.93061393)
,ZP24-01072,207 GLENDALE AVENUE,Norfolk,Virginia,,single-family,Vacation Rental,administrative,3,6,12/17/2024,12/17/2026,Glenwood Park,1,6,36.92751348,-76.31448312,https://air.norfolk.gov/#/property/00302700,POINT (-76.31448312 36.92751348)
,ZP25-00568,929 VIRGILINA AVENUE,Norfolk,Virginia,,single-family,Vacation Rental,administrative,3,6,03/31/2025,03/31/2027,Bayview,5,6,36.94592409,-76.24285934,https://air.norfolk.gov/#/property/61011445,POINT (-76.24285934 36.94592409)
,ZP23-00974,1273 W OCEAN VIEW AVENUE,Norfolk,Virginia,,townhome,Vacation Rental,administrative,3,6,10/18/2023,10/18/2025,Willoughby,1,6,36.96686306,-76.28726553,https://air.norfolk.gov/#/property/23279906,POINT (-76.28726553 36.96686306)
,ZP24-00888,1823 E OCEAN VIEW AVENUE,Norfolk,Virginia,2,duplex,Vacation Rental,administrative,2,3,10/11/2024,10/11/2026,Cottage Line,5,6,36.9387459,-76.22495162,https://air.norfolk.gov/#/property/45321712,POINT (-76.22495162 36.9387459)
49975.0,ZP25-01523,1124 VIRGILINA AVENUE,Norfolk,Virginia,,single-family,Vacation Rental,CUP,2,4,05/20/2025,05/20/2030,Bayview,5,6,36.94434939,-76.23967476,https://air.norfolk.gov/#/property/04076900,POINT (-76.23967476 36.94434939)
49380.0,ZP24-00106,3706 NEWPORT AVENUE,Norfolk,Virginia,,single-family,Vacation Rental,CUP,5,4,10/24/2023,10/24/2025,Park Place,2,7,36.87982336,-76.29032957,https://air.norfolk.gov/#/property/06627000,POINT (-76.29032957 36.87982336)
,ZP24-00636,9721 17TH BAY STREET,Norfolk,Virginia,B,duplex,Vacation Rental,administrative,2,4,08/23/2024,08/23/2026,East Ocean View,5,6,36.93198999,-76.19729087,https://air.norfolk.gov/#/property/20245100,POINT (-76.19729087 36.93198999)
,ZP25-00629,5260 JANET DRIVE,Norfolk,Virginia,,single-family,Vacation Rental,administrative,3,6,03/31/2025,03/31/2027,Norvella Heights,3,7,36.89198272,-76.2263183,https://air.norfolk.gov/#/property/30586000,POINT (-76.2263183 36.89198272)
49858.0,ZP25-00623,2701 PLEASANT AVENUE,Norfolk,Virginia,,single-family,Vacation Rental,CUP,4,8,02/11/2025,02/11/2030,East Ocean View,5,6,36.93210032,-76.20932521,https://air.norfolk.gov/#/property/42311601,POINT (-76.20932521 36.93210032)
49857.0,ZP25-01489,9555 20TH BAY STREET,Norfolk,Virginia,,single-family,Vacation Rental,CUP,4,8,02/11/2025,02/11/2027,East Ocean View,5,6,36.92773897,-76.1948942,https://air.norfolk.gov/#/property/31097551,POINT (-76.1948942 36.92773897)
,ZP24-00410,617 PALMER TURN,Norfolk,Virginia,,single-family,Vacation Rental,administrative,3,6,05/03/2024,05/03/2026,Oakdale Farms and Denby Park,1,7,36.92353773,-76.2535387,https://air.norfolk.gov/#/property/01479875,POINT (-76.2535387 36.92353773)
,ZP25-01661,7023 AZALEA GARDEN ROAD,Norfolk,Virginia,,single-family,Vacation Rental,administrative,3,6,07/01/2025,07/01/2027,East Lynne and Saratoga,5,6,36.9076296,-76.20845677,https://air.norfolk.gov/#/property/17021300,POINT (-76.20845677 36.9076296)
,ZP24-00820,9520 5TH BAY STREET,Norfolk,Virginia,,single-family,Vacation Rental,administrative,2,4,09/23/2024,09/24/2026,East Ocean View,5,6,36.93103348,-76.21214202,https://air.norfolk.gov/#/property/48574200,POINT (-76.21214202 36.93103348)
49675.0,ZP24-00671,9552 13TH BAY STREET,Norfolk,Virginia,,single-family,Vacation Rental,CUP,4,8,07/16/2024,07/16/2029,East Ocean View,5,6,36.92975226,-76.2027428,https://air.norfolk.gov/#/property/19488790,POINT (-76.2027428 36.92975226)
,ZP24-00034,1120 W OCEAN VIEW AVENUE,Norfolk,Virginia,,single-family,Vacation Rental,administrative,3,6,01/17/2024,01/17/2026,Willoughby,1,6,36.96742991,-76.28242172,https://air.norfolk.gov/#/property/47851100,POINT (-76.28242172 36.96742991)
,ZP25-01220,2616 E OCEAN VIEW AVENUE,Norfolk,Virginia,B,duplex,Vacation Rental,administrative,1,2,05/15/2025,05/15/2027,East Ocean View,5,6,36.93495214,-76.20925182,https://air.norfolk.gov/#/property/40869250,POINT (-76.20925182 36.93495214)
,ZP25-01783,9520 13TH BAY STREET,Norfolk,Virginia,,duplex,Vacation Rental,administrative,2,4,07/16/2025,07/16/2027,East Ocean View,5,6,36.92875138,-76.20321266,https://air.norfolk.gov/#/property/46179000,POINT (-76.20321266 36.92875138)
,ZP24-00269,2925 RIDGEFIELD DRIVE,Norfolk,Virginia,,single-family,Vacation Rental,administrative,3,6,03/29/2024,03/29/2026,North Camelia Acres,5,6,36.92179064,-76.20537405,https://air.norfolk.gov/#/property/46573600,POINT (-76.20537405 36.92179064)
,ZP24-01098,476 W OCEAN VIEW AVENUE,Norfolk,Virginia,,single-family,Vacation Rental,administrative,4,8,12/31/2024,12/31/2026,Willoughby,1,6,36.96121045,-76.26242541,https://air.norfolk.gov/#/property/19258900,POINT (-76.26242541 36.96121045)
49789.0,ZP24-01080,479 W OCEAN VIEW AVENUE,Norfolk,Virginia,,duplex,Vacation Rental,CUP,4,8,11/12/2024,11/12/2029,Willoughby,1,6,36.96071,-76.2631251,https://air.norfolk.gov/#/property/23573954,POINT (-76.2631251 36.96071)
,ZP24-00795,2054 PARKVIEW AVENUE,Norfolk,Virginia,,single-family,Vacation Rental,administrative,3,6,09/09/2024,09/09/2026,Bayview,5,6,36.93440072,-76.21745293,https://air.norfolk.gov/#/property/04858200,POINT (-76.21745293 36.93440072)
49852.0,ZP25-00598,9507 19TH BAY STREET,Norfolk,Virginia,A,duplex,Vacation Rental,CUP,2,4,02/11/2025,02/11/2027,East Ocean View,5,6,36.92649076,-76.19623743,https://air.norfolk.gov/#/property/41877500,POINT (-76.19623743 36.92649076)
,ZP25-01547,582 W OCEAN VIEW AVENUE,Norfolk,Virginia,B,duplex,Vacation Rental,administrative,2,4,06/17/2025,06/17/2027,Willoughby,1,6,36.96277084,-76.26511183,https://air.norfolk.gov/#/property/09025010,POINT (-76.26511183 36.96277084)
,ZP23-00658,9561 1ST VIEW STREET,Norfolk,Virginia,,single-family,Vacation Rental,administrative,3,6,07/20/2023,10/27/2025,Ocean View,5,6,36.95416912,-76.2559617,https://air.norfolk.gov/#/property/25527907,POINT (-76.2559617 36.95416912)
49620.0,ZP24-00620,1212 LITTLE BAY AVENUE,Norfolk,Virginia,,single-family,Vacation Rental,CUP,5,10,06/11/2024,06/11/2029,Willoughby,1,6,36.96637511,-76.28517111,https://air.norfolk.gov/#/property/23461500,POINT (-76.28517111 36.96637511)
,ZP24-00683,9526 MASON CREEK ROAD,Norfolk,Virginia,,single-family,Vacation Rental,administrative,2,3,07/28/2024,07/28/2026,Ocean View,5,6,36.95464695,-76.25924966,https://air.norfolk.gov/#/property/01865500,POINT (-76.25924966 36.95464695)
,STR25-00014,1704 E OCEAN VIEW AVENUE,Norfolk,Virginia,,single-family,Vacation Rental,administrative,3,6,08/06/2025,08/06/2027,Cottage Line,5,6,36.94038413,-76.2268491,https://air.norfolk.gov/#/property/16221600,POINT (-76.2268491 36.94038413)
49973.0,ZP25-01484,941 HILLSIDE AVENUE,Norfolk,Virginia,,single-family,Vacation Rental,CUP,4,8,05/20/2025,05/20/2027,Bayview,5,6,36.94639437,-76.24167665,https://air.norfolk.gov/#/property/29659203,POINT (-76.24167665 36.94639437)
,ZP25-00450,2229 E OCEAN VIEW AVENUE,Norfolk,Virginia,,single-family,Vacation Rental,administrative,3,6,03/10/2025,03/10/2027,East Ocean View,5,6,36.93506679,-76.21382505,https://air.norfolk.gov/#/property/00105600,POINT (-76.21382505 36.93506679)
,ZP25-00912,919 W OCEAN VIEW AVENUE,Norfolk,Virginia,,single-family,Vacation Rental,administrative,3,6,04/17/2025,04/17/2027,Willoughby,1,6,36.96613908,-76.27592855,https://air.norfolk.gov/#/property/19497250,POINT (-76.27592855 36.96613908)
,ZP24-00899,1408 E OCEAN VIEW AVENUE,Norfolk,Virginia,,single-family,Vacation Rental,administrative,3,6,10/14/2024,10/14/2026,Cottage Line,5,6,36.9427012,-76.23193062,https://air.norfolk.gov/#/property/45413700,POINT (-76.23193062 36.9427012)
49678.0,ZP24-00677,9634 8TH BAY STREET,Norfolk,Virginia,,single-family,Vacation Rental,CUP,5,10,07/16/2024,07/16/2029,East Ocean View,5,6,36.93308517,-76.20760365,https://air.norfolk.gov/#/property/46563980,POINT (-76.20760365 36.93308517)
,ZP25-00158,405 E WESTMONT AVENUE,Norfolk,Virginia,,single-family,Vacation Rental,administrative,3,6,01/23/2025,01/23/2027,Northside,5,6,36.93631833,-76.25338223,https://air.norfolk.gov/#/property/45376800,POINT (-76.25338223 36.93631833)
49072.0,ZP23-00463,358 W FREEMASON STREET,Norfolk,Virginia,summer kitchen,mixed-use,Vacation Rental,CUP,2,4,02/14/2023,02/14/2028,Freemason Street Area Association,2,6,36.85225805,-76.29579241,https://air.norfolk.gov/#/property/18695050,POINT (-76.29579241 36.85225805)
49424.0,ZP24-00067,9569 20TH BAY STREET,Norfolk,Virginia,,single-family,Vacation Rental,CUP,4,8,12/05/2023,12/05/2025,East Ocean View,5,6,36.92829619,-76.19498297,https://air.norfolk.gov/#/property/35534300,POINT (-76.19498297 36.92829619)
,ZP25-01048,1129 HILLSIDE AVENUE,Norfolk,Virginia,,single-family,Vacation Rental,administrative,3,6,04/30/2025,04/30/2027,Bayview,5,6,36.94459644,-76.23905251,https://air.norfolk.gov/#/property/37083600,POINT (-76.23905251 36.94459644)
,ZP24-00453,450 W OCEAN VIEW AVENUE,Norfolk,Virginia,,single-family,Vacation Rental,administrative,3,6,05/14/2024,05/14/2026,Willoughby,1,6,36.96097087,-76.2620455,https://air.norfolk.gov/#/property/40474500,POINT (-76.2620455 36.96097087)
,ZP25-01194,864 LITTLE BAY AVENUE,Norfolk,Virginia,,single-family,Vacation Rental,administrative,3,6,05/08/2025,05/08/2027,Willoughby,1,6,36.96529208,-76.27522275,https://air.norfolk.gov/#/property/42586654,POINT (-76.27522275 36.96529208)
,ZP25-01096,543 W OCEAN VIEW AVENUE,Norfolk,Virginia,,single-family,Vacation Rental,administrative,3,6,04/29/2025,04/29/2027,Willoughby,1,6,36.96199146,-76.26499898,https://air.norfolk.gov/#/property/35749325,POINT (-76.26499898 36.96199146)
,ZP23-00994,9513 10TH BAY STREET,Norfolk,Virginia,,single-family,Vacation Rental,administrative,3,6,10/24/2023,10/23/2025,East Ocean View,5,6,36.92959218,-76.20707548,https://air.norfolk.gov/#/property/44740400,POINT (-76.20707548 36.92959218)
49920.0,ZP25-01219,1920 NORVIEW AVENUE,Norfolk,Virginia,,single-family,Vacation Rental,CUP,4,8,04/08/2025,04/08/2030,Bromley,4,7,36.8973265,-76.21775704,https://air.norfolk.gov/#/property/22242350,POINT (-76.21775704 36.8973265)
,ZP25-01784,9518 13TH BAY STREET,Norfolk,Virginia,,duplex,Vacation Rental,administrative,2,4,07/16/2025,07/16/2027,East Ocean View,5,6,36.92865041,-76.2031863,https://air.norfolk.gov/#/property/46179000,POINT (-76.2031863 36.92865041)
,ZP24-00247,1976 KINGSTON AVENUE,Norfolk,Virginia,,single-family,Vacation Rental,administrative,3,6,03/22/2024,03/22/2026,Bayview,5,6,36.93669712,-76.21990338,https://air.norfolk.gov/#/property/07316300,POINT (-76.21990338 36.93669712)
,ZP24-00276,163 A VIEW AVENUE,Norfolk,Virginia,,single-family,Vacation Rental,administrative,3,6,04/02/2024,04/02/2026,Ocean View,5,6,36.95396196,-76.25404616,https://air.norfolk.gov/#/property/28100600,POINT (-76.25404616 36.95396196)
49616.0,ZP24-00621,2333 DOMINION AVENUE,Norfolk,Virginia,,single-family,Vacation Rental,CUP,4,8,06/11/2024,06/11/2026,Roosevelt Area,5,6,36.9168344,-76.21693785,https://air.norfolk.gov/#/property/05590740,POINT (-76.21693785 36.9168344)
,ZP25-01739,1139 HILLSIDE AVENUE,Norfolk,Virginia,,single-family,Vacation Rental,administrative,2,4,07/14/2025,07/14/2027,Bayview,5,6,36.94448595,-76.23875535,https://air.norfolk.gov/#/property/25538250,POINT (-76.23875535 36.94448595)
,ZP24-00785,912 LITTLE BAY AVENUE,Norfolk,Virginia,,single-family,Vacation Rental,administrative,2,4,09/03/2024,09/03/2026,Willoughby,1,6,36.96559728,-76.27619877,https://air.norfolk.gov/#/property/15863000,POINT (-76.27619877 36.96559728)
49427.0,ZP24-00818,9512 18TH BAY STREET,Norfolk,Virginia,B,duplex,Vacation Rental,CUP,3,6,12/05/2023,12/05/2025,East Ocean View,5,6,36.92730543,-76.19672313,https://air.norfolk.gov/#/property/05360500,POINT (-76.19672313 36.92730543)
49986.0,STR25-00041,9527 18TH BAY STREET,Norfolk,Virginia,A,duplex,Vacation Rental,CUP,2,4,05/20/2025,05/20/2027,East Ocean View,5,6,36.92802024,-76.19757795,https://air.norfolk.gov/#/property/16558230,POINT (-76.19757795 36.92802024)
49316.0,ZP23-00937,9609 19TH BAY STREET,Norfolk,Virginia,,single-family,Vacation Rental,CUP,4,8,09/12/2023,09/12/2028,East Ocean View,5,6,36.92950174,-76.19558068,https://air.norfolk.gov/#/property/00011132,POINT (-76.19558068 36.92950174)
50015.0,STR25-00047,7936 THOMPSON ROAD,Norfolk,Virginia,B,duplex,Vacation Rental,CUP,2,4,06/24/2025,06/24/2029,East Ocean View,5,6,36.91936279,-76.19564962,https://air.norfolk.gov/#/property/18527580,POINT (-76.19564962 36.91936279)
,ZP24-00086,2008 PARKVIEW AVENUE,Norfolk,Virginia,,single-family,Vacation Rental,administrative,3,6,02/05/2024,02/05/2026,Bayview,5,6,36.93502995,-76.21931921,https://air.norfolk.gov/#/property/26207500,POINT (-76.21931921 36.93502995)
,ZP24-00533,2048 KERSEY AVENUE,Norfolk,Virginia,,single-family,Vacation Rental,administrative,3,6,06/06/2024,06/06/2026,Bayview,5,6,36.93510404,-76.21733275,https://air.norfolk.gov/#/property/46907300,POINT (-76.21733275 36.93510404)
,ZP25-00706,1051 W OCEAN VIEW AVENUE,Norfolk,Virginia,,single-family,Vacation Rental,administrative,2,4,03/31/2025,03/31/2027,Willoughby,1,6,36.96680094,-76.27994109,https://air.norfolk.gov/#/property/00000599,POINT (-76.27994109 36.96680094)
49919.0,ZP25-01058,3109 PLEASANT AVENUE,Norfolk,Virginia,,single-family,Vacation Rental,CUP,4,8,04/08/2025,04/08/2030,East Ocean View,5,6,36.93078226,-76.20435009,https://air.norfolk.gov/#/property/00940279,POINT (-76.20435009 36.93078226)
49496.0,ZP24-00237,9563 20TH BAY STREET,Norfolk,Virginia,,single-family,Vacation Rental,CUP,4,8,02/27/2024,02/27/2026,East Ocean View,5,6,36.92809948,-76.19472811,https://air.norfolk.gov/#/property/03627700,POINT (-76.19472811 36.92809948)
49432.0,ZP24-00347,2450 E OCEAN VIEW AVENUE,Norfolk,Virginia,,single-family,Vacation Rental,CUP,5,10,12/05/2023,12/05/2025,East Ocean View,5,6,36.93482996,-76.21103923,https://air.norfolk.gov/#/property/31308100,POINT (-76.21103923 36.93482996)
,ZP24-00717,9721 13TH VIEW STREET,Norfolk,Virginia,,single-family,Vacation Rental,administrative,2,4,08/08/2024,08/08/2026,Willoughby,1,6,36.96798548,-76.2884852,https://air.norfolk.gov/#/property/06281345,POINT (-76.2884852 36.96798548)
49970.0,ZP25-01540,1238 VIRGILINA AVENUE,Norfolk,Virginia,,single-family,Vacation Rental,CUP,2,4,05/20/2025,05/20/2027,Bayview,5,6,36.94296123,-76.23736319,https://air.norfolk.gov/#/property/04633000,POINT (-76.23736319 36.94296123)
49565.0,ZP24-00399,9615 17TH BAY STREET,Norfolk,Virginia,,single-family,Vacation Rental,CUP,4,8,04/23/2024,04/23/2029,East Ocean View,5,6,36.93003201,-76.19808314,https://air.norfolk.gov/#/property/46426200,POINT (-76.19808314 36.93003201)
,ZP24-01011,9600 18TH BAY STREET,Norfolk,Virginia,,single-family,Vacation Rental,administrative,3,6,11/15/2024,11/15/2026,East Ocean View,5,6,36.92933208,-76.19639307,https://air.norfolk.gov/#/property/49407500,POINT (-76.19639307 36.92933208)
,ZP25-01619,1667 E BAYVIEW BOULEVARD,Norfolk,Virginia,,single-family,Vacation Rental,administrative,1,2,06/27/2025,06/27/2027,Bayview,5,6,36.9337582,-76.22907122,https://air.norfolk.gov/#/property/42052005,POINT (-76.22907122 36.9337582)
,ZP25-00565,6361 GLENOAK DRIVE,Norfolk,Virginia,,single-family,Vacation Rental,administrative,3,6,03/31/2025,03/31/2027,Greenhill Farms,3,7,36.89634772,-76.2514389,https://air.norfolk.gov/#/property/04267800,POINT (-76.2514389 36.89634772)
47348.0,ZP25-00279,1333 BAYVILLE STREET,Norfolk,Virginia,,single-family,Vacation Rental,CUP,4,8,07/23/2018,,Willoughby,1,6,36.96455702,-76.28945853,https://air.norfolk.gov/#/property/24783055,POINT (-76.28945853 36.96455702)
,ZP24-00931,3218 PRETTY LAKE AVENUE,Norfolk,Virginia,A,duplex,Vacation Rental,administrative,3,6,10/23/2024,10/23/2026,East Ocean View,5,6,36.92936359,-76.20361443,https://air.norfolk.gov/#/property/21876232,POINT (-76.20361443 36.92936359)
49708.0,ZP24-00893,241 W OCEAN VIEW AVENUE,Norfolk,Virginia,2,duplex,Vacation Rental,CUP,3,6,10/11/2024,10/11/2026,Ocean View,5,6,36.95676079,-76.25522579,https://air.norfolk.gov/#/property/08524912,POINT (-76.25522579 36.95676079)
,ZP23-01003,9613 10TH BAY STREET,Norfolk,Virginia,,duplex,Vacation Rental,administrative,2,4,10/26/2023,10/26/2025,East Ocean View,5,6,36.93199741,-76.20617422,https://air.norfolk.gov/#/property/39471950,POINT (-76.20617422 36.93199741)
,ZP24-00370,763 W OCEAN VIEW AVENUE,Norfolk,Virginia,,single-family,Vacation Rental,administrative,3,6,05/07/2024,05/07/2026,Willoughby,1,6,36.96452382,-76.27096264,https://air.norfolk.gov/#/property/35728300,POINT (-76.27096264 36.96452382)
49851.0,ZP25-00600,9537 19TH BAY STREET,Norfolk,Virginia,A,duplex,Vacation Rental,CUP,2,4,02/11/2025,02/11/2027,East Ocean View,5,6,36.92746291,-76.19611467,https://air.norfolk.gov/#/property/44824301,POINT (-76.19611467 36.92746291)
,ZP25-00274,9712 15TH BAY STREET,Norfolk,Virginia,,single-family,Vacation Rental,administrative,3,6,05/20/2025,05/20/2027,East Ocean View,5,6,36.93213968,-76.19941682,https://air.norfolk.gov/#/property/20241950,POINT (-76.19941682 36.93213968)
,ZP24-00794,843 LITTLE BAY AVENUE,Norfolk,Virginia,,single-family,Vacation Rental,administrative,3,6,09/09/2024,09/09/2026,Willoughby,1,6,36.96465397,-76.27451267,https://air.norfolk.gov/#/property/43605105,POINT (-76.27451267 36.96465397)
49791.0,ZP24-01038,209 W 28TH STREET,Norfolk,Virginia,,single-family,Vacation Rental,CUP,4,8,11/12/2024,11/12/2029,Park Place,2,7,36.87272164,-76.28474524,https://air.norfolk.gov/#/property/10898800,POINT (-76.28474524 36.87272164)
,ZP25-00455,1000 E OCEAN VIEW AVENUE,Norfolk,Virginia,,mixed-use,Vacation Rental,administrative,3,6,03/10/2025,03/10/2027,Cottage Line,5,6,36.94753175,-76.23981139,https://air.norfolk.gov/#/property/30561700,POINT (-76.23981139 36.94753175)
,ZP25-01050,8109 COLIN DRIVE,Norfolk,Virginia,,single-family,Vacation Rental,administrative,3,6,04/30/2025,04/30/2027,Crossroads,5,6,36.91977269,-76.2506426,https://air.norfolk.gov/#/property/61189750,POINT (-76.2506426 36.91977269)
,ZP25-01210,1365 HAMMOND COURT,Norfolk,Virginia,,single-family,Vacation Rental,administrative,3,6,05/12/2025,05/12/2027,Bayview,5,6,36.93257347,-76.23879096,https://air.norfolk.gov/#/property/42454800,POINT (-76.23879096 36.93257347)
,ZP23-00989,2416 SABAN AVENUE,Norfolk,Virginia,,single-family,Vacation Rental,administrative,3,6,10/24/2023,10/23/2025,Roosevelt Area,5,6,36.92457268,-76.20944725,https://air.norfolk.gov/#/property/02967400,POINT (-76.20944725 36.92457268)
,ZP24-00930,3216 PRETTY LAKE AVENUE,Norfolk,Virginia,B,duplex,Vacation Rental,administrative,3,6,10/23/2024,10/23/2026,East Ocean View,5,6,36.92941058,-76.20381599,https://air.norfolk.gov/#/property/21876231,POINT (-76.20381599 36.92941058)
,STR25-00030,244 BURGOYNE ROAD,Norfolk,Virginia,,single-family,Vacation Rental,administrative,3,6,07/23/2025,07/23/2027,Ocean View,5,6,36.94506119,-76.2673663,https://air.norfolk.gov/#/property/48594800,POINT (-76.2673663 36.94506119)
,ZP24-00315,1533 KINGSTON AVENUE,Norfolk,Virginia,,single-family,Vacation Rental,administrative,3,6,04/16/2024,04/16/2026,Bayview,5,6,36.93977345,-76.22993728,https://air.norfolk.gov/#/property/31757200,POINT (-76.22993728 36.93977345)
,ZP25-00454,567 W OCEAN VIEW AVENUE,Norfolk,Virginia,,single-family,Vacation Rental,administrative,3,6,03/10/2025,03/10/2027,Willoughby,1,6,36.96220022,-76.26532723,https://air.norfolk.gov/#/property/22169832,POINT (-76.26532723 36.96220022)
49918.0,ZP25-01108,9608 11TH BAY STREET,Norfolk,Virginia,B,duplex,Vacation Rental,CUP,3,6,04/08/2025,04/08/2027,East Ocean View,5,6,36.9314328,-76.20457698,https://air.norfolk.gov/#/property/28511500,POINT (-76.20457698 36.9314328)
49711.0,ZP24-00891,9608 19TH BAY STREET,Norfolk,Virginia,,single-family,Vacation Rental,CUP,4,8,10/11/2024,10/11/2029,East Ocean View,5,6,36.92942184,-76.19507473,https://air.norfolk.gov/#/property/11420000,POINT (-76.19507473 36.92942184)
49982.0,ZP25-01490,1436 E OCEAN VIEW AVENUE,Norfolk,Virginia,A,duplex,Vacation Rental,CUP,3,6,05/20/2025,05/20/2027,Cottage Line,5,6,36.94221625,-76.2309005,https://air.norfolk.gov/#/property/02407400,POINT (-76.2309005 36.94221625)
,ZP24-00559,2150 E OCEAN VIEW AVENUE,Norfolk,Virginia,,single-family,Vacation Rental,administrative,3,6,06/27/2024,06/27/2026,East Ocean View,5,6,36.93618532,-76.21411264,https://air.norfolk.gov/#/property/36203300,POINT (-76.21411264 36.93618532)
,ZP23-01144,1805 E BAYVIEW BOULEVARD,Norfolk,Virginia,,single-family,Vacation Rental,administrative,3,6,12/14/2023,12/14/2025,Bayview,5,6,36.93351365,-76.22836475,https://air.norfolk.gov/#/property/37808010,POINT (-76.22836475 36.93351365)
,ZP25-00159,2017 KINGSTON AVENUE,Norfolk,Virginia,,single-family,Vacation Rental,administrative,3,6,01/23/2025,01/23/2027,Bayview,5,6,36.93586178,-76.21868497,https://air.norfolk.gov/#/property/30485200,POINT (-76.21868497 36.93586178)
,ZP24-00560,1310 LITTLE BAY AVENUE,Norfolk,Virginia,,single-family,Vacation Rental,administrative,3,6,06/27/2024,06/27/2026,Willoughby,1,6,36.96631182,-76.28864984,https://air.norfolk.gov/#/property/19607901,POINT (-76.28864984 36.96631182)
,ZP24-001793,5977 MONACO COURT,Norfolk,Virginia,,single-family,Vacation Rental,administrative,3,6,09/09/2024,09/09/2026,Lake Taylor,4,7,36.85883257,-76.19977317,https://air.norfolk.gov/#/property/25351600,POINT (-76.19977317 36.85883257)
49795.0,ZP25-00072,3201 PRETTY LAKE AVENUE,Norfolk,Virginia,,single-family,Vacation Rental,CUP,4,8,11/19/2024,11/19/2029,East Ocean View,5,6,36.92895135,-76.20440559,https://air.norfolk.gov/#/property/00000764,POINT (-76.20440559 36.92895135)
49292.0,ZP23-00890,4046 E OCEAN VIEW AVENUE,Norfolk,Virginia,,single-family,Vacation Rental,CUP,4,8,09/29/2023,09/29/2028,East Ocean View,5,6,36.93077788,-76.19282456,https://air.norfolk.gov/#/property/20616252,POINT (-76.19282456 36.93077788)
49566.0,ZP24-00538,9287 1ST VIEW STREET,Norfolk,Virginia,,single-family,Vacation Rental,CUP,2,4,04/23/2024,04/23/2029,Ocean View,5,6,36.94878639,-76.2625912,https://air.norfolk.gov/#/property/29226100,POINT (-76.2625912 36.94878639)
,ZP25-01099,9626 11TH BAY STREET,Norfolk,Virginia,,single-family,Vacation Rental,administrative,3,6,04/29/2025,04/29/2027,East Ocean View,5,6,36.93190777,-76.2042869,https://air.norfolk.gov/#/property/22113400,POINT (-76.2042869 36.93190777)
49512.0,ZP24-00272,753 W OCEAN VIEW AVENUE,Norfolk,Virginia,B,duplex,Vacation Rental,CUP,2,4,03/12/2024,03/12/2026,Willoughby,1,6,36.96437308,-76.2706651,https://air.norfolk.gov/#/property/43765400,POINT (-76.2706651 36.96437308)
,ZP25-01519,3234 E OCEAN VIEW AVENUE,Norfolk,Virginia,,single-family,Vacation Rental,administrative,3,6,06/12/2025,06/12/2027,East Ocean View,5,6,36.93294112,-76.2022439,https://air.norfolk.gov/#/property/27876401,POINT (-76.2022439 36.93294112)
49426.0,ZP24-00048,9407 CHESAPEAKE STREET,Norfolk,Virginia,,single-family,Vacation Rental,CUP,2,4,12/05/2023,12/05/2025,Bayview,5,6,36.94402297,-76.24438187,https://air.norfolk.gov/#/property/36171900,POINT (-76.24438187 36.94402297)
,ZP24-00870,9544 16TH BAY STREET,Norfolk,Virginia,B,duplex,Vacation Rental,administrative,1,2,10/08/2024,10/08/2026,East Ocean View,5,6,36.9284481,-76.19923982,https://air.norfolk.gov/#/property/10113200,POINT (-76.19923982 36.9284481)
49233.0,ZP23-00640,2004 E OCEAN VIEW AVENUE,Norfolk,Virginia,,single-family,Vacation Rental,CUP,4,8,06/27/2023,06/27/2028,Cottage Line,5,6,36.93751545,-76.21848221,https://air.norfolk.gov/#/property/32566100,POINT (-76.21848221 36.93751545)
,ZP24-00505,1623 MODOC AVENUE,Norfolk,Virginia,,single-family,Vacation Rental,administrative,3,6,05/31/2024,05/31/2026,Bayview,5,6,36.93696594,-76.22945668,https://air.norfolk.gov/#/property/27850400,POINT (-76.22945668 36.93696594)
,ZP24-01012,3808 PLEASANT AVENUE,Norfolk,Virginia,ADU/ smaller unit,single-family,Vacation Rental,administrative,1,2,11/15/2024,11/15/2026,East Ocean View,5,6,36.9293273,-76.19612714,https://air.norfolk.gov/#/property/49407500,POINT (-76.19612714 36.9293273)
,ZP25-00444,1965 E OCEAN VIEW AVENUE,Norfolk,Virginia,,single-family,Vacation Rental,administrative,3,6,03/10/2025,03/10/2027,Cottage Line,5,6,36.93709845,-76.21977872,https://air.norfolk.gov/#/property/04411575,POINT (-76.21977872 36.93709845)
,ZP24-00423,4201 HACIENDA STREET,Norfolk,Virginia,,single-family,Vacation Rental,administrative,3,6,05/14/2024,05/14/2026,East Ocean View,5,6,36.92010917,-76.19440772,https://air.norfolk.gov/#/property/61607400,POINT (-76.19440772 36.92010917)
49495.0,ZP24-00201,9555 15TH BAY STREET,Norfolk,Virginia,,single-family,Vacation Rental,CUP,4,8,02/27/2024,02/27/2026,East Ocean View,5,6,36.92948291,-76.20078121,https://air.norfolk.gov/#/property/17496700,POINT (-76.20078121 36.92948291)
,ZP24-00756,9626 ATLANS STREET,Norfolk,Virginia,,single-family,Vacation Rental,administrative,3,6,08/23/2024,08/23/2026,Bayview,5,6,36.94551199,-76.23959111,https://air.norfolk.gov/#/property/31717200,POINT (-76.23959111 36.94551199)
,ZP25-00627,625 W OCEAN VIEW AVENUE,Norfolk,Virginia,,single-family,Vacation Rental,administrative,2,4,03/31/2025,03/31/2027,Willoughby,1,6,36.9633099,-76.26711686,https://air.norfolk.gov/#/property/29739800,POINT (-76.26711686 36.9633099)
,STR25-00058,757 W OCEAN VIEW AVENUE,Norfolk,Virginia,,single-family,Vacation Rental,administrative,3,6,08/21/2025,08/21/2027,Willoughby,1,6,36.96447377,-76.27078609,https://air.norfolk.gov/#/property/40031598,POINT (-76.27078609 36.96447377)
,ZP24-00108,8511 WAYLAND STREET,Norfolk,Virginia,,single-family,Vacation Rental,administrative,3,6,02/08/2024,02/08/2026,Bayview,5,6,36.93091105,-76.24233631,https://air.norfolk.gov/#/property/28459800,POINT (-76.24233631 36.93091105)
,ZP23-01004,9619 10TH BAY STREET,Norfolk,Virginia,A,duplex,Vacation Rental,administrative,2,4,10/26/2023,10/26/2025,East Ocean View,5,6,36.93212583,-76.20607164,https://air.norfolk.gov/#/property/39471970,POINT (-76.20607164 36.93212583)
,ZP25-00802,9621 12TH BAY STREET,Norfolk,Virginia,A,duplex,Vacation Rental,administrative,3,6,03/31/2025,03/31/2027,East Ocean View,5,6,36.93168773,-76.20374823,https://air.norfolk.gov/#/property/26479752,POINT (-76.20374823 36.93168773)
,ZP24-00932,1106 TOLER PLACE,Norfolk,Virginia,,single-family,Vacation Rental,administrative,3,6,10/23/2024,10/23/2026,Willoughby,1,6,36.96818795,-76.28165222,https://air.norfolk.gov/#/property/19508710,POINT (-76.28165222 36.96818795)
49568.0,ZP24-00450,900 W OCEAN VIEW AVENUE,Norfolk,Virginia,A,duplex,Vacation Rental,CUP,2,4,04/23/2024,04/23/2034,Willoughby,1,6,36.96649539,-76.27520173,https://air.norfolk.gov/#/property/31864005,POINT (-76.27520173 36.96649539)
,ZP25-01339,542 W OCEAN VIEW AVENUE,Norfolk,Virginia,B,duplex,Vacation Rental,administrative,2,4,05/21/2025,05/21/2027,Willoughby,1,6,36.96242122,-76.26453477,https://air.norfolk.gov/#/property/14139200,POINT (-76.26453477 36.96242122)
,ZP25-01861,1404 W OCEAN VIEW AVENUE,Norfolk,Virginia,,single-family,Vacation Rental,administrative,3,6,07/28/2025,07/28/2027,Willoughby,1,6,36.96737351,-76.29122715,https://air.norfolk.gov/#/property/20961004,POINT (-76.29122715 36.96737351)
,ZP24-00618,1155 LITTLE BAY AVENUE,Norfolk,Virginia,,single-family,Vacation Rental,administrative,3,6,07/02/2024,07/02/2026,Willoughby,1,6,36.96578712,-76.28391635,https://air.norfolk.gov/#/property/25159780,POINT (-76.28391635 36.96578712)
,ZP25-00452,251 PORTVIEW AVENUE,Norfolk,Virginia,,single-family,Vacation Rental,administrative,3,6,03/10/2025,03/10/2027,Ocean View,5,6,36.95634827,-76.25633128,https://air.norfolk.gov/#/property/13751650,POINT (-76.25633128 36.95634827)
,ZP23-00993,949 LITTLE BAY AVENUE,Norfolk,Virginia,,single-family,Vacation Rental,administrative,3,6,10/24/2023,10/23/2025,Willoughby,1,6,36.96554921,-76.27786147,https://air.norfolk.gov/#/property/32320450,POINT (-76.27786147 36.96554921)
,ZP25-00911,1130 TOLER PLACE,Norfolk,Virginia,,single-family,Vacation Rental,administrative,3,6,04/24/2025,04/24/2027,Willoughby,1,6,36.96797812,-76.28287209,https://air.norfolk.gov/#/property/02932100,POINT (-76.28287209 36.96797812)
,ZP25-01207,8624 GRANBY STREET,Norfolk,Virginia,,single-family,Vacation Rental,administrative,2,4,05/12/2025,05/12/2027,Northside,1,6,36.93491951,-76.26364854,https://air.norfolk.gov/#/property/38533900,POINT (-76.26364854 36.93491951)
49792.0,ZP24-01037,4040 E OCEAN VIEW AVENUE,Norfolk,Virginia,,single-family,Vacation Rental,CUP,4,8,11/12/2024,11/12/2029,East Ocean View,5,6,36.93080733,-76.19299027,https://air.norfolk.gov/#/property/20616246,POINT (-76.19299027 36.93080733)
,ZP25-01051,2757 HEUTTE DRIVE,Norfolk,Virginia,,single-family,Vacation Rental,administrative,3,6,04/30/2025,04/30/2027,Camellia Shores and Camellia Acres,5,6,36.91329538,-76.20507269,https://air.norfolk.gov/#/property/37303300,POINT (-76.20507269 36.91329538)
,ZP24-00543,1125 HILLSIDE AVENUE,Norfolk,Virginia,,single-family,Vacation Rental,administrative,2,4,06/12/2024,06/12/2026,Bayview,5,6,36.94474392,-76.23916011,https://air.norfolk.gov/#/property/12167400,POINT (-76.23916011 36.94474392)
49425.0,ZP23-01143,9611 19TH BAY STREET,Norfolk,Virginia,,single-family,Vacation Rental,CUP,4,8,12/05/2023,12/05/2025,East Ocean View,5,6,36.92959544,-76.19551841,https://air.norfolk.gov/#/property/00011133,POINT (-76.19551841 36.92959544)
,ZP25-01778,627 W OCEAN VIEW AVENUE,Norfolk,Virginia,,single-family,Vacation Rental,administrative,3,6,07/16/2025,07/16/2027,Willoughby,1,6,36.96315896,-76.26724456,https://air.norfolk.gov/#/property/61514200,POINT (-76.26724456 36.96315896)
49788.0,ZP25-00602,9622 20TH BAY STREET,Norfolk,Virginia,,single-family,Vacation Rental,CUP,4,8,11/12/2024,11/24/2029,East Ocean View,5,6,36.92983996,-76.19370443,https://air.norfolk.gov/#/property/50000913,POINT (-76.19370443 36.92983996)
,ZP24-00817,9505 BEAUMONT STREET,Norfolk,Virginia,,single-family,Vacation Rental,administrative,3,6,09/20/2024,09/20/2026,Bayview,5,6,36.93736857,-76.23078788,https://air.norfolk.gov/#/property/37922800,POINT (-76.23078788 36.93736857)
,ZP24-01084,710 ELIZABETH RIVER CIRCLE,Norfolk,Virginia,,single-family,Vacation Rental,administrative,1,2,12/20/2024,12/20/2026,Ingleside,4,7,36.84070797,-76.22952721,https://air.norfolk.gov/#/property/02446750,POINT (-76.22952721 36.84070797)
,ZP25-00453,1230 E OCEAN VIEW AVENUE,Norfolk,Virginia,,single-family,Vacation Rental,administrative,3,6,03/10/2025,03/10/2027,Cottage Line,5,6,36.94483115,-76.23610669,https://air.norfolk.gov/#/property/05477200,POINT (-76.23610669 36.94483115)
,ZP24-00851,8580 WAYLAND STREET,Norfolk,Virginia,,Single-family,Vacation Rental,administrative,3,6,11/04/2024,11/04/2026,Bayview,5,6,36.93341123,-76.24184229,https://air.norfolk.gov/#/property/14229300,POINT (-76.24184229 36.93341123)
